Workbook

Sheet 1. Rapport
I1: 2. Courbes des températures
B2: Vérification d'homogénéité en température d'une enceinte thermique
B4: 1. Conditions de mesure
B5: 1.1 Identification de l'enceinte à cartographier
B6: Désignation: | C6: Réfrigérateur | E6: Marque: | F6: Liebherr
B7: N° Inventaire: | C7: 13006700 | E7: N° Série: | F7: 82.177.254.4
B8: Date de la vérification: | C8: 43606 | E8: Modèle: | F8: LKUV 1610
B9: Heure de la vérification: | C9: 0.51597222 | E9: Intervenant: | F9: BM
B11: 1.2 Objet de la caractérisation
B12: Température cible: | C12: 5 | D12: °C
B13: EMT: | C13: 3 | D13: °C
B14: Réglage: | C14: 5 | D14: °C
I15: 3. Incertitudes
B16: 1.3 Sondes de mesures | I16: Sondes | J16: HGAV | K16: HGAR | L16: HDAR | M16: HDAV | N16: MIL | O16: BGAV | P16: BGAR | Q16: BDAR | R16: BDAV
B17: Chaine de mesure utilisée: | C17: ICL OTR2 | D17: Date de l'étalonnage: | F17: 43581 | I17: Moyenne | J17: =AVERAGE('2. Calculs'!R5:R154) -> 5.7624 | K17: =AVERAGE('2. Calculs'!S5:S154) -> 5.3886 | L17: =AVERAGE('2. Calculs'!T5:T154) -> 4.5457333 | M17: =AVERAGE('2. Calculs'!U5:U154) -> 5.1527333 | N17: =AVERAGE('2. Calculs'!V5:V154) -> 5.1478 | O17: =AVERAGE('2. Calculs'!W5:W154) -> 5.5278 | P17: =AVERAGE('2. Calculs'!X5:X154) -> 4.8588667 | Q17: =AVERAGE('2. Calculs'!Y5:Y154) -> 4.0639333 | R17: =AVERAGE('2. Calculs'!Z5:Z154) -> 5.2016
B18: Référence chaine d'étalonnage: | C18: Spy RF Référence 09883 NS A82765 + PT100 00968 NS JU145300053 | I18: Minimum | J18: =MIN('2. Calculs'!R5:R154) -> 5.53 | K18: =MIN('2. Calculs'!S6:S155) -> 5.11 | L18: =MIN('2. Calculs'!T6:T155) -> 4.22 | M18: =MIN('2. Calculs'!U6:U155) -> 4.65 | N18: =MIN('2. Calculs'!V6:V155) -> 4.71 | O18: =MIN('2. Calculs'!W6:W155) -> 5.23 | P18: =MIN('2. Calculs'!X6:X155) -> 4.09 | Q18: =MIN('2. Calculs'!Y6:Y155) -> 2.95 | R18: =MIN('2. Calculs'!Z6:Z155) -> 4.84
B19: N° du certificat d'étalonnage: | C19: E18LM2664 | I19: Maximum | J19: =MAX('2. Calculs'!R5:R154) -> 6.15 | K19: =MAX('2. Calculs'!S5:S154) -> 5.79 | L19: =MAX('2. Calculs'!T5:T154) -> 4.97 | M19: =MAX('2. Calculs'!U5:U154) -> 5.58 | N19: =MAX('2. Calculs'!V5:V154) -> 5.64 | O19: =MAX('2. Calculs'!W5:W154) -> 5.86 | P19: =MAX('2. Calculs'!X5:X154) -> 5.53 | Q19: =MAX('2. Calculs'!Y5:Y154) -> 5.01 | R19: =MAX('2. Calculs'!Z5:Z154) -> 5.59
B20: Erreurs de justesse et incertitudes des sondes de la chaine de mesure à la température cible | I20: Stabilité | J20: =J19-J18 -> 0.62 | K20: =K19-K18 -> 0.68 | L20: =L19-L18 -> 0.75 | M20: =M19-M18 -> 0.93 | N20: =N19-N18 -> 0.93 | O20: =O19-O18 -> 0.63 | P20: =P19-P18 -> 1.44 | Q20: =Q19-Q18 -> 2.06 | R20: =R19-R18 -> 0.75
B21: ° C | C21: E | D21: U | I21: Ecart-type | J21: =STDEV('2. Calculs'!R5:R154) -> 0.14916177 | K21: =STDEV('2. Calculs'!S5:S154) -> 0.19796966 | L21: =STDEV('2. Calculs'!T5:T154) -> 0.24512795 | M21: =STDEV('2. Calculs'!U5:U154) -> 0.26690847 | N21: =STDEV('2. Calculs'!V5:V154) -> 0.29608603 | O21: =STDEV('2. Calculs'!W5:W154) -> 0.21243197 | P21: =STDEV('2. Calculs'!X5:X154) -> 0.42609596 | Q21: =STDEV('2. Calculs'!Y5:Y154) -> 0.60011397 | R21: =STDEV('2. Calculs'!Z5:Z154) -> 0.22139909
B22: MIL | C22: -0.08 | D22: 0.09 | I22: u sondes | J22: =D23/2 -> 0.043921582 | K22: =D24/2 -> 0.045 | L22: =D26/2 -> 0.045 | M22: =D25/2 -> 0.045 | N22: =D22/2 -> 0.045 | O22: =D27/2 -> 0.045 | P22: =D28/2 -> 0.045 | Q22: =D30/2 -> 0.045 | R22: =D29/2 -> 0.045
B23: HGAV | C23: -0.09 | D23: 0.087843163 | I23: U mesure | J23: =2*SQRT((J22)^2+(J21)^2) -> 0.31098772 | K23: =2*SQRT((K22)^2+(K21)^2) -> 0.40603934 | L23: =2*SQRT((L22)^2+(L21)^2) -> 0.49844845 | M23: =2*SQRT((M22)^2+(M21)^2) -> 0.54135064 | N23: =2*SQRT((N22)^2+(N21)^2) -> 0.59897225 | O23: =2*SQRT((O22)^2+(O21)^2) -> 0.4342918 | P23: =2*SQRT((P22)^2+(P21)^2) -> 0.85693119 | Q23: =2*SQRT((Q22)^2+(Q21)^2) -> 1.2035976 | R23: =2*SQRT((R22)^2+(R21)^2) -> 0.451852
B24: HGAR | C24: 0.02 | D24: 0.09 | I24: Moyenne-U | J24: =J17-J23 -> 5.4514123 | K24: =K17-K23 -> 4.9825607 | L24: =L17-L23 -> 4.0472849 | M24: =M17-M23 -> 4.6113827 | N24: =N17-N23 -> 4.5488277 | O24: =O17-O23 -> 5.0935082 | P24: =P17-P23 -> 4.0019355 | Q24: =Q17-Q23 -> 2.8603358 | R24: =R17-R23 -> 4.749748
B25: HDAV | C25: -0.02 | D25: 0.09 | I25: Moyenne+U | J25: =J17+J23 -> 6.0733877 | K25: =K17+K23 -> 5.7946393 | L25: =L17+L23 -> 5.0441818 | M25: =M17+M23 -> 5.694084 | N25: =N17+N23 -> 5.7467723 | O25: =O17+O23 -> 5.9620918 | P25: =P17+P23 -> 5.7157979 | Q25: =Q17+Q23 -> 5.2675309 | R25: =R17+R23 -> 5.653452
B26: HDAR | C26: -0.16 | D26: 0.09
B27: BGAV | C27: -0.17 | D27: 0.09 | I27: 4. Conformités
B28: BGAR | C28: 0.22 | D28: 0.09 | I28: Sondes | J28: HGAV | K28: HGAR | L28: HDAR | M28: HDAV | N28: MIL | O28: BGAV | P28: BGAR | Q28: BDAR | R28: BDAV
B29: BDAV | C29: 0.16 | D29: 0.09 | I29: EMT | J29: =$C$13 -> 3 | K29: =$C$13 -> 3 | L29: =$C$13 -> 3 | M29: =$C$13 -> 3 | N29: =$C$13 -> 3 | O29: =$C$13 -> 3 | P29: =$C$13 -> 3 | Q29: =$C$13 -> 3 | R29: =$C$13 -> 3
B30: BDAR | C30: -0.32 | D30: 0.09 | I30: Tol sup | J30: =$C$12+$C$13 -> 8 | K30: =$C$12+$C$13 -> 8 | L30: =$C$12+$C$13 -> 8 | M30: =$C$12+$C$13 -> 8 | N30: =$C$12+$C$13 -> 8 | O30: =$C$12+$C$13 -> 8 | P30: =$C$12+$C$13 -> 8 | Q30: =$C$12+$C$13 -> 8 | R30: =$C$12+$C$13 -> 8
B31: Ambiant | C31: 2.61 | D31: 0.58 | I31: Tol inf | J31: =$C$12-$C$13 -> 2 | K31: =$C$12-$C$13 -> 2 | L31: =$C$12-$C$13 -> 2 | M31: =$C$12-$C$13 -> 2 | N31: =$C$12-$C$13 -> 2 | O31: =$C$12-$C$13 -> 2 | P31: =$C$12-$C$13 -> 2 | Q31: =$C$12-$C$13 -> 2 | R31: =$C$12-$C$13 -> 2
I32: Conformité | J32: =IF((J25<J30),IF( (J24>J31),"OUI","NON"),"NON") -> OUI | K32: =IF((K25<K30),IF( (K24>K31),"OUI","NON"),"NON") -> OUI | L32: =IF((L25<L30),IF( (L24>L31),"OUI","NON"),"NON") -> OUI | M32: =IF((M25<M30),IF( (M24>M31),"OUI","NON"),"NON") -> OUI | N32: =IF((N25<N30),IF( (N24>N31),"OUI","NON"),"NON") -> OUI | O32: =IF((O25<O30),IF( (O24>O31),"OUI","NON"),"NON") -> OUI | P32: =IF((P25<P30),IF( (P24>P31),"OUI","NON"),"NON") -> OUI | Q32: =IF((Q25<Q30),IF( (Q24>Q31),"OUI","NON"),"NON") -> OUI | R32: =IF((R25<R30),IF( (R24>R31),"OUI","NON"),"NON") -> OUI
B33: 1.4 Conditions de réalisation
B34: Température ambiante corrigée: | C34: ='2. Calculs'!M5-C31 -> 23.59 | D34: °C
B35: Humidité ambiante | C35: ='2. Calculs'!N5 -> 33 | D35: %
B36: Placement des sondes | C36: Etagères
B39: Etagères | E39: Tiroirs
I46: Stabilité: | J46: =MAX(J20:R20) -> 2.06 | K46: °C | L46: Homogénéité: | N46: =MAX(J25:R25)- MIN(J24:R24) -> 3.2130519 | O46: °C | P46: Ecart: | Q46: =C12 -AVERAGE(J17:R17) -> -0.072162963 | R46: °C
I48: Décision de conformité:
I49: Par: | L49: Date: | O49: Signature:

Sheet 2. Calculs
B1: Relevés de PLXDAQ: 150 mesures en régime établi avec un intervalle d'une minute
A4: N° de Mesure | B4: Date | C4: Heure | D4: Milieu/ (°C) | E4: HGAV/ (°C) | F4: HGAR/ (°C) | G4: HDAV/ (°C) | H4: HDAR/ (°C) | I4: BGAV/ (°C) | J4: BGAR/ (°C) | K4: BDAV/ (°C) | L4: BDAR/ (°C) | M4: T° Amb | N4: %HR | Q4: Heure | R4: HGAV/ (°C) | S4: HGAR/(°C) | T4: HDAR/ (°C) | U4: HDAV/ (°C) | V4: MIL/ (°C) | W4: BGAV/ (°C) | X4: BGAR/ (°C) | Y4: BDAR/ (°C) | Z4: BDAV/ (°C) | AA4: Min | AB4: Max
A5: 1 | B5: 43606 | C5: 0.5162037 | D5: 4.88 | E5: 5.81 | F5: 5.44 | G5: 5 | H5: 4.31 | I5: 5.25 | J5: 4.88 | K5: 5.19 | L5: 3.25 | M5: 26.2 | N5: 33 | Q5: =C5 -> 0.5162037 | R5: =E5-'1. Rapport'!$C$23 -> 5.9 | S5: =F5-'1. Rapport'!$C$24 -> 5.42 | T5: =H5-'1. Rapport'!$C$26 -> 4.47 | U5: =G5-'1. Rapport'!$C$25 -> 5.02 | V5: =D5-'1. Rapport'!$C$22 -> 4.96 | W5: =I5-'1. Rapport'!$C$27 -> 5.42 | X5: =J5-'1. Rapport'!$C$28 -> 4.66 | Y5: =L5-'1. Rapport'!$C$30 -> 3.57 | Z5: =K5-'1. Rapport'!$C$29 -> 5.03 | AA5: =('1. Rapport'!C12) -('1. Rapport'!C13) -> 2 | AB5: =('1. Rapport'!C12) +('1. Rapport'!C13) -> 8
A6: =A5+1 -> 2 | B6: 43606 | C6: 0.51689815 | D6: 5 | E6: 5.88 | F6: 5.5 | G6: 5.13 | H6: 4.38 | I6: 5.38 | J6: 5.06 | K6: 5.25 | L6: 3.56 | M6: 26.2 | N6: 33 | Q6: =C6 -> 0.51689815 | R6: =E6-'1. Rapport'!$C$23 -> 5.97 | S6: =F6-'1. Rapport'!$C$24 -> 5.48 | T6: =H6-'1. Rapport'!$C$26 -> 4.54 | U6: =G6-'1. Rapport'!$C$25 -> 5.15 | V6: =D6-'1. Rapport'!$C$22 -> 5.08 | W6: =I6-'1. Rapport'!$C$27 -> 5.55 | X6: =J6-'1. Rapport'!$C$28 -> 4.84 | Y6: =L6-'1. Rapport'!$C$30 -> 3.88 | Z6: =K6-'1. Rapport'!$C$29 -> 5.09 | AA6: =$AA$5 -> 2 | AB6: =$AB$5 -> 8
A7: =A6+1 -> 3 | B7: 43606 | C7: 0.51759259 | D7: 5.13 | E7: 5.94 | F7: 5.56 | G7: 5.25 | H7: 4.5 | I7: 5.5 | J7: 5.25 | K7: 5.38 | L7: 3.81 | M7: 26.2 | N7: 33 | Q7: =C7 -> 0.51759259 | R7: =E7-'1. Rapport'!$C$23 -> 6.03 | S7: =F7-'1. Rapport'!$C$24 -> 5.54 | T7: =H7-'1. Rapport'!$C$26 -> 4.66 | U7: =G7-'1. Rapport'!$C$25 -> 5.27 | V7: =D7-'1. Rapport'!$C$22 -> 5.21 | W7: =I7-'1. Rapport'!$C$27 -> 5.67 | X7: =J7-'1. Rapport'!$C$28 -> 5.03 | Y7: =L7-'1. Rapport'!$C$30 -> 4.13 | Z7: =K7-'1. Rapport'!$C$29 -> 5.22 | AA7: =$AA$5 -> 2 | AB7: =$AB$5 -> 8
A8: =A7+1 -> 4 | B8: 43606 | C8: 0.51828704 | D8: 5.31 | E8: 6 | F8: 5.69 | G8: 5.38 | H8: 4.63 | I8: 5.63 | J8: 5.44 | K8: 5.5 | L8: 4.13 | M8: 26.2 | N8: 33 | Q8: =C8 -> 0.51828704 | R8: =E8-'1. Rapport'!$C$23 -> 6.09 | S8: =F8-'1. Rapport'!$C$24 -> 5.67 | T8: =H8-'1. Rapport'!$C$26 -> 4.79 | U8: =G8-'1. Rapport'!$C$25 -> 5.4 | V8: =D8-'1. Rapport'!$C$22 -> 5.39 | W8: =I8-'1. Rapport'!$C$27 -> 5.8 | X8: =J8-'1. Rapport'!$C$28 -> 5.22 | Y8: =L8-'1. Rapport'!$C$30 -> 4.45 | Z8: =K8-'1. Rapport'!$C$29 -> 5.34 | AA8: =$AA$5 -> 2 | AB8: =$AB$5 -> 8
A9: =A8+1 -> 5 | B9: 43606 | C9: 0.51898148 | D9: 5.5 | E9: 6.06 | F9: 5.81 | G9: 5.5 | H9: 4.75 | I9: 5.69 | J9: 5.56 | K9: 5.63 | L9: 4.25 | M9: 26.2 | N9: 33 | Q9: =C9 -> 0.51898148 | R9: =E9-'1. Rapport'!$C$23 -> 6.15 | S9: =F9-'1. Rapport'!$C$24 -> 5.79 | T9: =H9-'1. Rapport'!$C$26 -> 4.91 | U9: =G9-'1. Rapport'!$C$25 -> 5.52 | V9: =D9-'1. Rapport'!$C$22 -> 5.58 | W9: =I9-'1. Rapport'!$C$27 -> 5.86 | X9: =J9-'1. Rapport'!$C$28 -> 5.34 | Y9: =L9-'1. Rapport'!$C$30 -> 4.57 | Z9: =K9-'1. Rapport'!$C$29 -> 5.47 | AA9: =$AA$5 -> 2 | AB9: =$AB$5 -> 8
A10: =A9+1 -> 6 | B10: 43606 | C10: 0.51967593 | D10: 5.25 | E10: 5.94 | F10: 5.63 | G10: 5.19 | H10: 4.5 | I10: 5.56 | J10: 5.19 | K10: 5.44 | L10: 3.44 | M10: 26.2 | N10: 33 | Q10: =C10 -> 0.51967593 | R10: =E10-'1. Rapport'!$C$23 -> 6.03 | S10: =F10-'1. Rapport'!$C$24 -> 5.61 | T10: =H10-'1. Rapport'!$C$26 -> 4.66 | U10: =G10-'1. Rapport'!$C$25 -> 5.21 | V10: =D10-'1. Rapport'!$C$22 -> 5.33 | W10: =I10-'1. Rapport'!$C$27 -> 5.73 | X10: =J10-'1. Rapport'!$C$28 -> 4.97 | Y10: =L10-'1. Rapport'!$C$30 -> 3.76 | Z10: =K10-'1. Rapport'!$C$29 -> 5.28 | AA10: =$AA$5 -> 2 | AB10: =$AB$5 -> 8
A11: =A10+1 -> 7 | B11: 43606 | C11: 0.52037037 | D11: 4.81 | E11: 5.75 | F11: 5.38 | G11: 4.75 | H11: 4.19 | I11: 5.31 | J11: 4.5 | K11: 5.13 | L11: 2.63 | M11: 26.2 | N11: 33 | Q11: =C11 -> 0.52037037 | R11: =E11-'1. Rapport'!$C$23 -> 5.84 | S11: =F11-'1. Rapport'!$C$24 -> 5.36 | T11: =H11-'1. Rapport'!$C$26 -> 4.35 | U11: =G11-'1. Rapport'!$C$25 -> 4.77 | V11: =D11-'1. Rapport'!$C$22 -> 4.89 | W11: =I11-'1. Rapport'!$C$27 -> 5.48 | X11: =J11-'1. Rapport'!$C$28 -> 4.28 | Y11: =L11-'1. Rapport'!$C$30 -> 2.95 | Z11: =K11-'1. Rapport'!$C$29 -> 4.97 | AA11: =$AA$5 -> 2 | AB11: =$AB$5 -> 8
A12: =A11+1 -> 8 | B12: 43606 | C12: 0.52106481 | D12: 4.63 | E12: 5.63 | F12: 5.19 | G12: 4.75 | H12: 4.06 | I12: 5.06 | J12: 4.31 | K12: 5 | L12: 2.69 | M12: 26.2 | N12: 33 | Q12: =C12 -> 0.52106481 | R12: =E12-'1. Rapport'!$C$23 -> 5.72 | S12: =F12-'1. Rapport'!$C$24 -> 5.17 | T12: =H12-'1. Rapport'!$C$26 -> 4.22 | U12: =G12-'1. Rapport'!$C$25 -> 4.77 | V12: =D12-'1. Rapport'!$C$22 -> 4.71 | W12: =I12-'1. Rapport'!$C$27 -> 5.23 | X12: =J12-'1. Rapport'!$C$28 -> 4.09 | Y12: =L12-'1. Rapport'!$C$30 -> 3.01 | Z12: =K12-'1. Rapport'!$C$29 -> 4.84 | AA12: =$AA$5 -> 2 | AB12: =$AB$5 -> 8
A13: =A12+1 -> 9 | B13: 43606 | C13: 0.52175926 | D13: 4.69 | E13: 5.63 | F13: 5.19 | G13: 4.81 | H13: 4.06 | I13: 5.06 | J13: 4.56 | K13: 5 | L13: 3.06 | M13: 26.2 | N13: 33 | Q13: =C13 -> 0.52175926 | R13: =E13-'1. Rapport'!$C$23 -> 5.72 | S13: =F13-'1. Rapport'!$C$24 -> 5.17 | T13: =H13-'1. Rapport'!$C$26 -> 4.22 | U13: =G13-'1. Rapport'!$C$25 -> 4.83 | V13: =D13-'1. Rapport'!$C$22 -> 4.77 | W13: =I13-'1. Rapport'!$C$27 -> 5.23 | X13: =J13-'1. Rapport'!$C$28 -> 4.34 | Y13: =L13-'1. Rapport'!$C$30 -> 3.38 | Z13: =K13-'1. Rapport'!$C$29 -> 4.84 | AA13: =$AA$5 -> 2 | AB13: =$AB$5 -> 8
A14: =A13+1 -> 10 | B14: 43606 | C14: 0.5224537 | D14: 4.81 | E14: 5.63 | F14: 5.31 | G14: 5 | H14: 4.19 | I14: 5.19 | J14: 4.81 | K14: 5.13 | L14: 3.38 | M14: 26.2 | N14: 33 | Q14: =C14 -> 0.5224537 | R14: =E14-'1. Rapport'!$C$23 -> 5.72 | S14: =F14-'1. Rapport'!$C$24 -> 5.29 | T14: =H14-'1. Rapport'!$C$26 -> 4.35 | U14: =G14-'1. Rapport'!$C$25 -> 5.02 | V14: =D14-'1. Rapport'!$C$22 -> 4.89 | W14: =I14-'1. Rapport'!$C$27 -> 5.36 | X14: =J14-'1. Rapport'!$C$28 -> 4.59 | Y14: =L14-'1. Rapport'!$C$30 -> 3.7 | Z14: =K14-'1. Rapport'!$C$29 -> 4.97 | AA14: =$AA$5 -> 2 | AB14: =$AB$5 -> 8
A15: =A14+1 -> 11 | B15: 43606 | C15: 0.52314815 | D15: 5 | E15: 5.69 | F15: 5.38 | G15: 5.13 | H15: 4.31 | I15: 5.25 | J15: 5.06 | K15: 5.25 | L15: 3.69 | M15: 26.2 | N15: 33 | Q15: =C15 -> 0.52314815 | R15: =E15-'1. Rapport'!$C$23 -> 5.78 | S15: =F15-'1. Rapport'!$C$24 -> 5.36 | T15: =H15-'1. Rapport'!$C$26 -> 4.47 | U15: =G15-'1. Rapport'!$C$25 -> 5.15 | V15: =D15-'1. Rapport'!$C$22 -> 5.08 | W15: =I15-'1. Rapport'!$C$27 -> 5.42 | X15: =J15-'1. Rapport'!$C$28 -> 4.84 | Y15: =L15-'1. Rapport'!$C$30 -> 4.01 | Z15: =K15-'1. Rapport'!$C$29 -> 5.09 | AA15: =$AA$5 -> 2 | AB15: =$AB$5 -> 8
A16: =A15+1 -> 12 | B16: 43606 | C16: 0.52384259 | D16: 5.19 | E16: 5.75 | F16: 5.5 | G16: 5.31 | H16: 4.44 | I16: 5.38 | J16: 5.25 | K16: 5.38 | L16: 4 | M16: 26.2 | N16: 33 | Q16: =C16 -> 0.52384259 | R16: =E16-'1. Rapport'!$C$23 -> 5.84 | S16: =F16-'1. Rapport'!$C$24 -> 5.48 | T16: =H16-'1. Rapport'!$C$26 -> 4.6 | U16: =G16-'1. Rapport'!$C$25 -> 5.33 | V16: =D16-'1. Rapport'!$C$22 -> 5.27 | W16: =I16-'1. Rapport'!$C$27 -> 5.55 | X16: =J16-'1. Rapport'!$C$28 -> 5.03 | Y16: =L16-'1. Rapport'!$C$30 -> 4.32 | Z16: =K16-'1. Rapport'!$C$29 -> 5.22 | AA16: =$AA$5 -> 2 | AB16: =$AB$5 -> 8
A17: =A16+1 -> 13 | B17: 43606 | C17: 0.52453704 | D17: 5.31 | E17: 5.88 | F17: 5.63 | G17: 5.44 | H17: 4.63 | I17: 5.56 | J17: 5.5 | K17: 5.5 | L17: 4.31 | M17: 26.2 | N17: 33 | Q17: =C17 -> 0.52453704 | R17: =E17-'1. Rapport'!$C$23 -> 5.97 | S17: =F17-'1. Rapport'!$C$24 -> 5.61 | T17: =H17-'1. Rapport'!$C$26 -> 4.79 | U17: =G17-'1. Rapport'!$C$25 -> 5.46 | V17: =D17-'1. Rapport'!$C$22 -> 5.39 | W17: =I17-'1. Rapport'!$C$27 -> 5.73 | X17: =J17-'1. Rapport'!$C$28 -> 5.28 | Y17: =L17-'1. Rapport'!$C$30 -> 4.63 | Z17: =K17-'1. Rapport'!$C$29 -> 5.34 | AA17: =$AA$5 -> 2 | AB17: =$AB$5 -> 8
... A154: =A153+1 -> 150 | B154: 43606 | C154: 0.61966435 | D154: 5.31 | E154: 5.75 | F154: 5.56 | G154: 5.44 | H154: 4.63 | I154: 5.5 | J154: 5.5 | K154: 5.56 | L154: 4.44 | M154: 26.1 | N154: 35 | Q154: =C154 -> 0.61966435 | R154: =E154-'1. Rapport'!$C$23 -> 5.84 | S154: =F154-'1. Rapport'!$C$24 -> 5.54 | T154: =H154-'1. Rapport'!$C$26 -> 4.79 | U154: =G154-'1. Rapport'!$C$25 -> 5.46 | V154: =D154-'1. Rapport'!$C$22 -> 5.39 | W154: =I154-'1. Rapport'!$C$27 -> 5.67 | X154: =J154-'1. Rapport'!$C$28 -> 5.28 | Y154: =L154-'1. Rapport'!$C$30 -> 4.76 | Z154: =K154-'1. Rapport'!$C$29 -> 5.4 | AA154: =$AA$5 -> 2 | AB154: =$AB$5 -> 8

Sheet Feuil3
